{"cameraMode":{"drawMode":0,"name":"Shaded","section":"Shading Mode"},"sceneLighting":false,"audioPlay":false,"sceneViewState":{"showFog":true,"showMaterialUpdate":false,"showSkybox":true,"showFlares":true,"showImageEffects":true,"showParticleSystems":true},"in2DMode":false,"pivot":{"x":2.617129325866699,"y":-0.1662602424621582,"z":29.861812591552736},"rotation":{"x":-0.0421898290514946,"y":-0.07127939909696579,"z":0.003018646966665983,"w":-0.9965783357620239},"size":34.14134979248047,"orthographic":false}