{"cameraMode":{"drawMode":0,"name":"Shaded","section":"Shading Mode"},"sceneLighting":false,"audioPlay":false,"sceneViewState":{"showFog":true,"showMaterialUpdate":false,"showSkybox":true,"showFlares":true,"showImageEffects":true,"showParticleSystems":true},"in2DMode":false,"pivot":{"x":-1.5862431526184083,"y":1.9900627136230469,"z":-2.2842578887939455},"rotation":{"x":-0.36896786093711855,"y":0.02007737010717392,"z":-0.007970950566232205,"w":-0.9291673898696899},"size":35.23154067993164,"orthographic":false}