{"cameraMode":{"drawMode":0,"name":"Shaded","section":"Shading Mode"},"sceneLighting":false,"audioPlay":false,"sceneViewState":{"showFog":true,"showMaterialUpdate":false,"showSkybox":true,"showFlares":true,"showImageEffects":true,"showParticleSystems":true},"in2DMode":false,"pivot":{"x":1.2010014057159424,"y":-0.5546767711639404,"z":6.021733283996582},"rotation":{"x":-0.010498182848095894,"y":-0.021892331540584565,"z":0.00023237490677274764,"w":-0.9996962547302246},"size":18.29937171936035,"orthographic":false}