{"cameraMode":{"drawMode":0,"name":"Shaded","section":"Shading Mode"},"sceneLighting":false,"audioPlay":false,"sceneViewState":{"showFog":true,"showMaterialUpdate":false,"showSkybox":true,"showFlares":true,"showImageEffects":true,"showParticleSystems":true},"in2DMode":false,"pivot":{"x":17.231842041015626,"y":-2.136737823486328,"z":478.0325012207031},"rotation":{"x":0.17176583409309388,"y":0.6797221899032593,"z":-0.16850629448890687,"w":0.6929030418395996},"size":43.317230224609378,"orthographic":false}