{"cameraMode":{"drawMode":0,"name":"Shaded","section":"Shading Mode"},"sceneLighting":false,"audioPlay":false,"sceneViewState":{"showFog":true,"showMaterialUpdate":false,"showSkybox":true,"showFlares":true,"showImageEffects":true,"showParticleSystems":true},"in2DMode":false,"pivot":{"x":-0.21210861206054688,"y":-0.27083921432495119,"z":0.2144608497619629},"rotation":{"x":0.16129601001739503,"y":-0.44444140791893008,"z":0.08171093463897705,"w":0.8773808479309082},"size":7.110371112823486,"orthographic":false}