{"cameraMode":{"drawMode":0,"name":"Shaded","section":"Shading Mode"},"sceneLighting":false,"audioPlay":false,"sceneViewState":{"showFog":true,"showMaterialUpdate":false,"showSkybox":true,"showFlares":true,"showImageEffects":true,"showParticleSystems":true},"in2DMode":false,"pivot":{"x":-0.6470310688018799,"y":1.913923740386963,"z":-0.1506824493408203},"rotation":{"x":0.05667544901371002,"y":0.9134556651115418,"z":-0.13666865229606629,"w":0.3790244460105896},"size":9.254949569702149,"orthographic":false}