{"cameraMode":{"drawMode":0,"name":"Shaded","section":"Shading Mode"},"sceneLighting":false,"audioPlay":false,"sceneViewState":{"showFog":true,"showMaterialUpdate":false,"showSkybox":true,"showFlares":true,"showImageEffects":true,"showParticleSystems":true},"in2DMode":false,"pivot":{"x":0.11999893188476563,"y":1.5,"z":0.31999969482421877},"rotation":{"x":-0.010498182848095894,"y":-0.021892331540584565,"z":0.00023237490677274764,"w":-0.9996962547302246},"size":188.0496063232422,"orthographic":false}