{"cameraMode":{"drawMode":0,"name":"Shaded","section":"Shading Mode"},"sceneLighting":false,"audioPlay":false,"sceneViewState":{"showFog":true,"showMaterialUpdate":false,"showSkybox":true,"showFlares":true,"showImageEffects":true,"showParticleSystems":true},"in2DMode":false,"pivot":{"x":-0.5993276238441467,"y":-1.2609753608703614,"z":1.1132888793945313},"rotation":{"x":0.1918458640575409,"y":0.31452012062072756,"z":-0.06508564203977585,"w":0.9273560047149658},"size":14.045835494995118,"orthographic":false}