{"cameraMode":{"drawMode":0,"name":"Shaded","section":"Shading Mode"},"sceneLighting":false,"audioPlay":false,"sceneViewState":{"showFog":true,"showMaterialUpdate":false,"showSkybox":true,"showFlares":true,"showImageEffects":true,"showParticleSystems":true},"in2DMode":false,"pivot":{"x":0.45888710021972659,"y":0.6922746896743774,"z":1.1595568656921387},"rotation":{"x":-0.0246227215975523,"y":-0.7788057327270508,"z":0.030629916116595269,"w":-0.6260374784469605},"size":7.312389850616455,"orthographic":false}