{"cameraMode":{"drawMode":0,"name":"Shaded","section":"Shading Mode"},"sceneLighting":false,"audioPlay":false,"sceneViewState":{"showFog":true,"showMaterialUpdate":false,"showSkybox":true,"showFlares":true,"showImageEffects":true,"showParticleSystems":true},"in2DMode":false,"pivot":{"x":10.330032348632813,"y":-0.3276214599609375,"z":134.92938232421876},"rotation":{"x":-0.10679886490106583,"y":0.8210316300392151,"z":-0.16342638432979585,"w":-0.5363743901252747},"size":169.52890014648438,"orthographic":false}