{"cameraMode":{"drawMode":0,"name":"Shaded","section":"Shading Mode"},"sceneLighting":false,"audioPlay":false,"sceneViewState":{"showFog":true,"showMaterialUpdate":false,"showSkybox":true,"showFlares":true,"showImageEffects":true,"showParticleSystems":true},"in2DMode":false,"pivot":{"x":104.96510314941406,"y":41.351966857910159,"z":80.76351928710938},"rotation":{"x":-0.3499215841293335,"y":0.6247336268424988,"z":-0.3688967227935791,"w":-0.5926125645637512},"size":290.8199462890625,"orthographic":false}