{"cameraMode":{"drawMode":0,"name":"Shaded","section":"Shading Mode"},"sceneLighting":false,"audioPlay":false,"sceneViewState":{"showFog":true,"showMaterialUpdate":false,"showSkybox":true,"showFlares":true,"showImageEffects":true,"showParticleSystems":true},"in2DMode":false,"pivot":{"x":0.20303523540496827,"y":-0.16613531112670899,"z":0.3527388572692871},"rotation":{"x":0.24497385323047639,"y":0.004350509960204363,"z":-0.0011031065369024873,"w":0.9694989323616028},"size":6.0452351570129398,"orthographic":false}