{"cameraMode":{"drawMode":0,"name":"Shaded","section":"Shading Mode"},"sceneLighting":false,"audioPlay":false,"sceneViewState":{"showFog":true,"showMaterialUpdate":false,"showSkybox":true,"showFlares":true,"showImageEffects":true,"showParticleSystems":true},"in2DMode":false,"pivot":{"x":4.81915283203125,"y":-2.4826228618621828,"z":-2.8385143280029299},"rotation":{"x":-0.1105535626411438,"y":-0.060789383947849277,"z":0.006805649027228355,"w":-0.9918970465660095},"size":9.744636535644532,"orthographic":false}