{"cameraMode":{"drawMode":0,"name":"Shaded","section":"Shading Mode"},"sceneLighting":false,"audioPlay":false,"sceneViewState":{"showFog":true,"showMaterialUpdate":false,"showSkybox":true,"showFlares":true,"showImageEffects":true,"showParticleSystems":true},"in2DMode":false,"pivot":{"x":0.0711979866027832,"y":-0.945927619934082,"z":488.13861083984377},"rotation":{"x":-0.18460138142108918,"y":-0.27986207604408266,"z":0.05492763593792915,"w":-0.9405243992805481},"size":27.890533447265626,"orthographic":false}